{
  "model_name": "Decision Tree",
  "best_params": {
    "max_depth": 4,
    "min_samples_leaf": 10
  },
  "validation_accuracy": 0.5369699166364625,
  "test_accuracy": 0.52885443583118,
  "test_precision_macro": 0.3601069520127371,
  "test_recall_macro": 0.409845567892865,
  "test_f1_macro": 0.35685359187663335,
  "test_precision_weighted": 0.4142123256615293,
  "test_recall_weighted": 0.52885443583118,
  "test_f1_weighted": 0.4371134012115686,
  "confusion_matrix": [
    [
      219,
      0,
      466
    ],
    [
      74,
      0,
      454
    ],
    [
      100,
      0,
      1009
    ]
  ],
  "classification_report": {
    "Home loss": {
      "precision": 0.5572519083969466,
      "recall": 0.3197080291970803,
      "f1-score": 0.40630797773654914,
      "support": 685.0
    },
    "Draw": {
      "precision": 0.0,
      "recall": 0.0,
      "f1-score": 0.0,
      "support": 528.0
    },
    "Home win": {
      "precision": 0.5230689476412649,
      "recall": 0.9098286744815148,
      "f1-score": 0.6642527978933509,
      "support": 1109.0
    },
    "accuracy": 0.52885443583118,
    "macro avg": {
      "precision": 0.3601069520127371,
      "recall": 0.409845567892865,
      "f1-score": 0.35685359187663335,
      "support": 2322.0
    },
    "weighted avg": {
      "precision": 0.4142123256615293,
      "recall": 0.52885443583118,
      "f1-score": 0.4371134012115686,
      "support": 2322.0
    }
  }
}