{
  "model_name": "Logistic Regression",
  "best_params": {
    "C": 1.0
  },
  "validation_accuracy": 0.5329829648423342,
  "test_accuracy": 0.5310077519379846,
  "test_precision_macro": 0.4146465970731388,
  "test_recall_macro": 0.42317272259894995,
  "test_f1_macro": 0.37388158642304825,
  "test_precision_weighted": 0.4524404128054587,
  "test_recall_weighted": 0.5310077519379846,
  "test_f1_weighted": 0.451739053576871,
  "confusion_matrix": [
    [
      279,
      4,
      402
    ],
    [
      124,
      2,
      402
    ],
    [
      153,
      4,
      952
    ]
  ],
  "classification_report": {
    "Home loss": {
      "precision": 0.5017985611510791,
      "recall": 0.4072992700729927,
      "f1-score": 0.44963738920225627,
      "support": 685.0
    },
    "Draw": {
      "precision": 0.2,
      "recall": 0.003787878787878788,
      "f1-score": 0.007434944237918215,
      "support": 528.0
    },
    "Home win": {
      "precision": 0.5421412300683371,
      "recall": 0.8584310189359784,
      "f1-score": 0.6645724258289704,
      "support": 1109.0
    },
    "accuracy": 0.5310077519379846,
    "macro avg": {
      "precision": 0.4146465970731388,
      "recall": 0.42317272259894995,
      "f1-score": 0.37388158642304825,
      "support": 2322.0
    },
    "weighted avg": {
      "precision": 0.4524404128054587,
      "recall": 0.5310077519379846,
      "f1-score": 0.451739053576871,
      "support": 2322.0
    }
  }
}