{
  "model_name": "Gradient Boosting Classifier (XGBoost fallback)",
  "best_params": {
    "n_estimators": 120,
    "learning_rate": 0.05,
    "max_depth": 2
  },
  "validation_accuracy": 0.5376948169626676,
  "test_accuracy": 0.529285099052541,
  "test_precision_macro": 0.34605681559248946,
  "test_recall_macro": 0.42093686032659133,
  "test_f1_macro": 0.3696783543712015,
  "test_precision_weighted": 0.40469983094668144,
  "test_recall_weighted": 0.529285099052541,
  "test_f1_weighted": 0.44809975319916934,
  "confusion_matrix": [
    [
      277,
      1,
      407
    ],
    [
      121,
      0,
      407
    ],
    [
      157,
      0,
      952
    ]
  ],
  "classification_report": {
    "Home loss": {
      "precision": 0.4990990990990991,
      "recall": 0.4043795620437956,
      "f1-score": 0.4467741935483871,
      "support": 685.0
    },
    "Draw": {
      "precision": 0.0,
      "recall": 0.0,
      "f1-score": 0.0,
      "support": 528.0
    },
    "Home win": {
      "precision": 0.5390713476783692,
      "recall": 0.8584310189359784,
      "f1-score": 0.6622608695652173,
      "support": 1109.0
    },
    "accuracy": 0.529285099052541,
    "macro avg": {
      "precision": 0.34605681559248946,
      "recall": 0.42093686032659133,
      "f1-score": 0.3696783543712015,
      "support": 2322.0
    },
    "weighted avg": {
      "precision": 0.40469983094668144,
      "recall": 0.529285099052541,
      "f1-score": 0.44809975319916934,
      "support": 2322.0
    }
  },
  "note": "xgboost was not available in the local Python environment, so sklearn GradientBoostingClassifier was used as the planned fallback boosting model."
}