{
  "model_name": "Baseline: Most Frequent Class",
  "best_params": {
    "strategy": "most_frequent"
  },
  "validation_macro_f1": null,
  "test_accuracy": 0.47760551248923344,
  "test_precision_macro": 0.15920183749641115,
  "test_recall_macro": 0.3333333333333333,
  "test_f1_macro": 0.2154862527931604,
  "test_precision_weighted": 0.22810702556010332,
  "test_recall_weighted": 0.47760551248923344,
  "test_f1_weighted": 0.30875226659898564,
  "confusion_matrix": [
    [
      0,
      0,
      685
    ],
    [
      0,
      0,
      528
    ],
    [
      0,
      0,
      1109
    ]
  ],
  "classification_report": {
    "Home loss": {
      "precision": 0.0,
      "recall": 0.0,
      "f1-score": 0.0,
      "support": 685.0
    },
    "Draw": {
      "precision": 0.0,
      "recall": 0.0,
      "f1-score": 0.0,
      "support": 528.0
    },
    "Home win": {
      "precision": 0.47760551248923344,
      "recall": 1.0,
      "f1-score": 0.6464587583794812,
      "support": 1109.0
    },
    "accuracy": 0.47760551248923344,
    "macro avg": {
      "precision": 0.15920183749641115,
      "recall": 0.3333333333333333,
      "f1-score": 0.2154862527931604,
      "support": 2322.0
    },
    "weighted avg": {
      "precision": 0.22810702556010332,
      "recall": 0.47760551248923344,
      "f1-score": 0.30875226659898564,
      "support": 2322.0
    }
  }
}