{
  "model_name": "Decision Tree",
  "best_params": {
    "max_depth": 6,
    "min_samples_leaf": 10
  },
  "validation_macro_f1": 0.5003786113525531,
  "test_accuracy": 0.5155038759689923,
  "test_precision_macro": 0.4781570741241416,
  "test_recall_macro": 0.4809403285951337,
  "test_f1_macro": 0.47735932083185134,
  "test_precision_weighted": 0.5304878311515602,
  "test_recall_weighted": 0.5155038759689923,
  "test_f1_weighted": 0.5204957857920973,
  "confusion_matrix": [
    [
      397,
      160,
      128
    ],
    [
      207,
      143,
      178
    ],
    [
      195,
      257,
      657
    ]
  ],
  "classification_report": {
    "Home loss": {
      "precision": 0.49687108886107634,
      "recall": 0.5795620437956205,
      "f1-score": 0.5350404312668463,
      "support": 685.0
    },
    "Draw": {
      "precision": 0.25535714285714284,
      "recall": 0.2708333333333333,
      "f1-score": 0.26286764705882354,
      "support": 528.0
    },
    "Home win": {
      "precision": 0.6822429906542056,
      "recall": 0.5924256086564472,
      "f1-score": 0.6341698841698842,
      "support": 1109.0
    },
    "accuracy": 0.5155038759689923,
    "macro avg": {
      "precision": 0.4781570741241416,
      "recall": 0.4809403285951337,
      "f1-score": 0.47735932083185134,
      "support": 2322.0
    },
    "weighted avg": {
      "precision": 0.5304878311515602,
      "recall": 0.5155038759689923,
      "f1-score": 0.5204957857920973,
      "support": 2322.0
    }
  }
}