{
  "model_name": "Random Forest",
  "best_params": {
    "n_estimators": 250,
    "max_depth": 8,
    "min_samples_leaf": 1
  },
  "validation_macro_f1": 0.5172536703474157,
  "test_accuracy": 0.5426356589147286,
  "test_precision_macro": 0.4945394141849671,
  "test_recall_macro": 0.49919418311513836,
  "test_f1_macro": 0.4961642538212146,
  "test_precision_weighted": 0.5444301393979571,
  "test_recall_weighted": 0.5426356589147286,
  "test_f1_weighted": 0.5428287923142728,
  "confusion_matrix": [
    [
      404,
      148,
      133
    ],
    [
      192,
      137,
      199
    ],
    [
      165,
      225,
      719
    ]
  ],
  "classification_report": {
    "Home loss": {
      "precision": 0.5308804204993429,
      "recall": 0.5897810218978102,
      "f1-score": 0.5587828492392808,
      "support": 685.0
    },
    "Draw": {
      "precision": 0.26862745098039215,
      "recall": 0.25946969696969696,
      "f1-score": 0.26396917148362237,
      "support": 528.0
    },
    "Home win": {
      "precision": 0.6841103710751665,
      "recall": 0.648331830477908,
      "f1-score": 0.6657407407407407,
      "support": 1109.0
    },
    "accuracy": 0.5426356589147286,
    "macro avg": {
      "precision": 0.4945394141849671,
      "recall": 0.49919418311513836,
      "f1-score": 0.4961642538212146,
      "support": 2322.0
    },
    "weighted avg": {
      "precision": 0.5444301393979571,
      "recall": 0.5426356589147286,
      "f1-score": 0.5428287923142728,
      "support": 2322.0
    }
  }
}